movieId,total_ratings,avg_rating,rating_stddev,title,genres
148,85,2.9129411764705884,1.1416141700089686,Broken River,Romance
31,96,2.9979166666666672,1.1145902401819119,Winter Harbor,Drama
85,101,2.9079207920792065,1.0859726670885257,Golden Promise,Sci-Fi
137,93,2.829032258064516,0.9941765923487607,Burning Echo,Comedy
65,102,2.937254901960783,1.118248415397978,Golden Journey,Action
53,86,2.960465116279069,0.9970874136872434,Paper Signal,Comedy
133,101,3.02178217821782,1.0739277406228076,Paper Echo,Sci-Fi
78,106,3.129245283018869,1.1115811973539635,Secret Journey,Comedy
108,82,2.9853658536585366,1.1307292469600068,Broken Kingdom,Drama
155,102,3.040196078431373,1.0753088254466614,Wild River,Thriller
193,72,2.716666666666667,0.9943502372736666,Paper Storm,Sci-Fi
34,75,3.051999999999999,1.0919063418899349,Silver Harbor,Thriller
126,98,3.146938775510204,1.0274785553868893,Midnight Echo,Thriller
101,92,2.9554347826086955,1.0486374341150637,Silent Kingdom,Romance
115,88,3.082954545454545,1.0121357401706679,Wild Kingdom,Comedy
81,104,3.0846153846153843,1.05974618968748,Silent Promise,Comedy
183,101,2.9485148514851485,1.0899186998474828,Hidden Storm,Drama
28,85,3.118823529411764,1.1114655830465097,Broken Harbor,Action
76,104,2.8644230769230767,0.9516381654331056,Blue Journey,Romance
27,72,3.1027777777777765,1.0905447950092433,Crimson Harbor,Thriller
26,89,3.0921348314606747,1.116225856819342,Midnight Harbor,Romance
192,89,2.9157303370786525,1.1529506490664896,Summer Storm,Action
44,95,3.043157894736842,1.0449119510477087,Last Signal,Drama
159,93,3.065591397849463,1.1473499355941095,Velvet River,Sci-Fi
103,93,2.960215053763441,1.1448504539654223,Hidden Kingdom,Action
12,80,2.946249999999999,1.1398360697147571,Summer Horizon,Drama
91,97,2.957731958762888,0.9985233943539654,Winter Promise,Comedy
22,111,3.13963963963964,1.1148811008174229,Neon Harbor,Action
128,102,3.097058823529413,1.1077991634788966,Broken Echo,Drama
122,83,2.7686746987951807,1.0540199135948434,Neon Echo,Action
190,94,3.0138297872340414,0.9956465521145488,Lost Storm,Sci-Fi
93,89,2.976404494382023,1.0887881578649001,Paper Promise,Comedy
157,81,3.1234567901234565,1.127083803997985,Burning River,Drama
111,94,3.224468085106382,1.1002136811237067,Winter Kingdom,Drama
47,86,2.9488372093023254,1.130303882725819,Crimson Signal,Comedy
140,95,3.077894736842106,0.9866318103666251,Northern Echo,Action
177,82,3.1085365853658526,1.1195458977476114,Burning City,Thriller
152,91,3.1923076923076916,1.1142741303677646,Summer River,Romance
132,90,2.9544444444444435,1.0081868374096603,Summer Echo,Romance
185,93,3.0784946236559128,1.0147659252866912,Golden Storm,Action
146,93,3.196774193548388,1.0398005256970353,Midnight River,Action
1,77,3.140259740259739,1.0929510679396668,Silent Horizon,Thriller
52,99,2.9737373737373733,1.0867087418012786,Summer Signal,Comedy
182,104,3.1567307692307685,1.2045032350790548,Neon Storm,Action
13,77,3.1012987012987017,1.093821584904757,Paper Horizon,Sci-Fi
86,97,2.8608247422680413,1.1106076322062517,Midnight Promise,Thriller
6,105,2.8742857142857146,1.2034428633195364,Midnight Horizon,Comedy
16,86,2.9999999999999996,1.0805227493045695,Blue Horizon,Thriller
168,97,3.0412371134020617,1.0800031420980127,Broken City,Thriller
142,92,2.8304347826086955,1.150703476228975,Neon River,Comedy
178,92,3.1739130434782603,1.1178737239443197,Secret City,Action
3,97,3.0051546391752577,1.0857381450366517,Hidden Horizon,Drama
20,89,2.9528089887640436,0.9759715308394978,Northern Horizon,Thriller
164,88,2.8420454545454543,1.149384802056079,Last City,Sci-Fi
40,85,3.0588235294117654,1.1711099860558682,Northern Harbor,Thriller
169,81,3.092592592592592,1.1314567797509743,Electric City,Thriller
139,89,3.194382022471911,0.9139523996161095,Velvet Echo,Drama
94,100,2.9410000000000007,1.0992279200429818,Silver Promise,Action
57,89,2.8528089887640435,1.0242613622021004,Burning Signal,Comedy
120,106,2.933018867924528,1.1422385455230906,Northern Kingdom,Thriller
54,96,2.921875,1.1343630835244765,Silver Signal,Action
96,71,2.956338028169012,0.9675790693959844,Blue Promise,Thriller
48,105,3.061904761904763,1.0164399555065626,Broken Signal,Thriller
163,89,2.741573033707865,1.0793315470028035,Hidden City,Romance
191,80,3.0087499999999996,1.0309383399406065,Winter Storm,Drama
5,89,3.048314606741574,1.0650557347292546,Golden Horizon,Romance
19,96,2.8145833333333337,1.132112991075274,Velvet Horizon,Comedy
92,91,3.047252747252748,1.1942771555622775,Summer Promise,Romance
117,92,2.9108695652173915,1.1451240656177617,Burning Kingdom,Action
64,95,3.009473684210526,1.0135332851193357,Last Journey,Sci-Fi
41,84,3.2190476190476174,1.1752955219731616,Silent Signal,Action
154,96,2.9562499999999994,1.1099371722380458,Silver River,Romance
43,87,3.1816091954023005,0.9849482025847485,Hidden Signal,Romance
15,92,3.1554347826086966,1.0785994307265734,Wild Horizon,Comedy
112,89,3.0696629213483133,1.1450887713089024,Summer Kingdom,Action
165,78,3.1282051282051286,1.130095667240706,Golden City,Action
179,89,2.996629213483146,1.2006105869138426,Velvet City,Sci-Fi
189,91,3.1450549450549454,1.1320839914132537,Electric Storm,Drama
37,82,2.9804878048780483,0.9064159544963294,Burning Harbor,Sci-Fi
61,102,3.054901960784314,1.1251954682535366,Silent Journey,Thriller
127,83,3.0951807228915675,1.2406630420924551,Crimson Echo,Sci-Fi
197,81,3.046913580246913,1.1285041448476258,Burning Storm,Comedy
88,81,3.0246913580246915,0.978459358404519,Broken Promise,Sci-Fi
107,84,3.1488095238095246,1.0470260865576848,Crimson Kingdom,Drama
9,87,2.7758620689655165,1.153353605315102,Electric Horizon,Drama
17,83,2.8192771084337345,0.9365814630391793,Burning Horizon,Sci-Fi
72,90,2.9277777777777785,1.101584943735466,Summer Journey,Sci-Fi
175,92,3.0065217391304357,1.2068307735576405,Wild City,Drama
35,66,3.160606060606061,1.0328271562715299,Wild Harbor,Sci-Fi
196,85,2.8847058823529412,1.198461899423485,Blue Storm,Drama
114,80,2.9337500000000003,1.1854544340420146,Silver Kingdom,Romance
173,99,3.00909090909091,1.0468700589006426,Paper City,Sci-Fi
4,88,3.0965909090909083,1.0531233091543561,Last Horizon,Romance
59,102,3.114705882352941,1.0942149461060595,Velvet Signal,Thriller
55,84,3.0952380952380953,1.0308383255734272,Wild Signal,Comedy
8,100,3.0060000000000007,1.0711855039340217,Broken Horizon,Drama
100,93,2.9967741935483865,1.0815097753184653,Northern Promise,Romance
161,94,2.9882978723404263,1.0780165361688514,Silent City,Comedy
23,78,3.0128205128205128,1.051820805235857,Hidden Harbor,Thriller
39,80,3.1525,1.0575796346111737,Velvet Harbor,Thriller
176,90,3.002222222222222,1.0521222829961487,Blue City,Comedy
49,84,3.0738095238095244,1.1186393464285458,Electric Signal,Action
7,84,2.9452380952380954,1.067414934045254,Crimson Horizon,Drama
162,90,3.148888888888889,1.1515738565398952,Neon City,Comedy
130,88,2.8386363636363643,1.1561362344834087,Lost Echo,Action
84,95,3.1010526315789475,1.1593738897997419,Last Promise,Sci-Fi
136,102,3.2754901960784317,1.060864235256098,Blue Echo,Romance
87,102,2.924509803921569,1.128342012832427,Crimson Promise,Action
171,85,2.9776470588235298,1.00633428018397,Winter City,Thriller
51,87,3.0482758620689654,1.0444607008276454,Winter Signal,Sci-Fi
194,83,3.2349397590361444,1.1119564975413074,Silver Storm,Romance
129,92,3.1097826086956517,1.0301029269610777,Electric Echo,Drama
166,85,2.823529411764706,1.239205492281583,Midnight City,Romance
69,95,2.849473684210526,1.1808646024868792,Electric Journey,Comedy
97,85,2.896470588235295,1.0812742767793238,Burning Promise,Thriller
63,90,2.8988888888888886,1.1233471698099833,Hidden Journey,Drama
102,88,3.0068181818181823,1.0682239481231373,Neon Kingdom,Action
10,87,3.0873563218390814,1.0529918171131454,Lost Horizon,Romance
77,84,2.9892857142857148,1.0637530578034688,Burning Journey,Comedy
50,83,3.2674698795180723,0.9865075666003487,Lost Signal,Thriller
45,84,3.013095238095238,0.9796458373943303,Golden Signal,Romance
38,92,2.967391304347828,1.1501656541609413,Secret Harbor,Drama
82,98,3.1551020408163257,1.1111545448181448,Neon Promise,Sci-Fi
181,93,2.8344086021505377,1.0483418194272238,Silent Storm,Action
167,87,3.0252873563218396,1.1384626916096618,Crimson City,Sci-Fi
80,86,3.065116279069768,1.1198495110936024,Northern Journey,Comedy
25,100,2.910000000000001,0.9630024596924646,Golden Harbor,Sci-Fi
73,96,2.9677083333333325,1.0935692206490075,Paper Journey,Comedy
113,98,3.0112244897959193,1.1850340508449992,Paper Kingdom,Drama
24,90,3.114444444444445,1.083021274559537,Last Harbor,Comedy
160,104,3.046153846153849,1.0222688526848154,Northern River,Thriller
70,96,3.076041666666667,1.0464722483977615,Lost Journey,Sci-Fi
125,91,2.978021978021977,1.1401561489357692,Golden Echo,Drama
62,96,3.047916666666667,1.1513817023738926,Neon Journey,Romance
121,88,3.0477272727272733,1.153802038113859,Silent Echo,Comedy
156,101,2.891089108910891,1.1532648446823472,Blue River,Romance
143,90,3.27888888888889,1.0007294468125998,Hidden River,Thriller
95,92,3.1750000000000003,1.1795533704950165,Wild Promise,Thriller
29,86,3.0860465116279068,1.1557694448184392,Electric Harbor,Action
21,102,2.946078431372549,1.1810107743933407,Silent Harbor,Romance
98,76,2.9934210526315788,1.111675675283733,Secret Promise,Romance
195,87,2.8839080459770114,1.0568572941903496,Wild Storm,Action
60,88,2.9454545454545467,1.271338247847075,Northern Signal,Thriller
32,90,3.0566666666666675,1.1523351962403916,Summer Harbor,Comedy
90,94,2.996808510638299,1.0885970183285856,Lost Promise,Romance
75,81,3.05432098765432,1.0725028418046325,Wild Journey,Sci-Fi
141,89,2.8044943820224724,1.1155828187706467,Silent River,Comedy
151,71,3.200000000000001,1.0492173954224848,Winter River,Romance
145,95,2.9905263157894746,1.1479930391414108,Golden River,Drama
200,81,2.8172839506172833,1.13201039344354,Northern Storm,Sci-Fi
109,100,3.0969999999999995,1.1375549714766813,Electric Kingdom,Action
56,95,3.099999999999999,1.0121601084346208,Blue Signal,Romance
170,106,2.9688679245283027,1.121849086493423,Lost City,Thriller
105,101,3.0188118811881184,1.1433908230598255,Golden Kingdom,Action
188,85,2.9717647058823533,1.035398676920184,Broken Storm,Action
58,98,3.158163265306123,1.0888302121091233,Secret Signal,Thriller
11,94,3.1999999999999997,1.0751344002005625,Winter Horizon,Thriller
33,90,3.0166666666666666,1.0622479872971535,Paper Harbor,Thriller
150,91,3.1868131868131875,0.9854732412184056,Lost River,Sci-Fi
110,95,2.9568421052631577,1.1149518290881495,Lost Kingdom,Drama
83,95,2.983157894736842,1.168801225440522,Hidden Promise,Thriller
106,99,2.923232323232323,1.0274625255421859,Midnight Kingdom,Thriller
68,85,3.1811764705882344,1.173668862771683,Broken Journey,Thriller
71,92,2.8815217391304357,0.9878302728069561,Winter Journey,Sci-Fi
147,96,2.7624999999999993,1.189183709414505,Crimson River,Thriller
116,87,3.0816091954023,1.0838699758576322,Blue Kingdom,Comedy
14,89,2.95056179775281,1.0143430022686002,Silver Horizon,Romance
198,80,3.1224999999999996,1.0998244969315025,Secret Storm,Thriller
123,83,2.954216867469879,1.0293617729991817,Hidden Echo,Sci-Fi
158,100,3.0150000000000006,1.1528949070347507,Secret River,Drama
199,82,3.063414634146342,0.9688369245904412,Velvet Storm,Drama
135,83,3.0240963855421685,1.1069173148054212,Wild Echo,Action
42,98,3.073469387755102,1.1136038848959227,Neon Signal,Drama
119,76,2.827631578947368,1.0740079061422871,Velvet Kingdom,Action
79,86,3.026744186046511,1.111694458510722,Velvet Journey,Thriller
2,100,3.082,1.1182941554804882,Neon Horizon,Romance
131,95,3.0431578947368405,1.1323720754933966,Winter Echo,Drama
149,91,2.903296703296703,1.0520298421464995,Electric River,Thriller
118,92,3.0945652173913047,1.0527164370327147,Secret Kingdom,Thriller
124,89,3.0674157303370793,1.18473004989043,Last Echo,Romance
30,102,3.0401960784313733,0.9605340721425998,Lost Harbor,Drama
99,86,2.9883720930232553,1.0944156221635215,Velvet Promise,Action
184,88,2.7625000000000006,1.1316057658015894,Last Storm,Sci-Fi
66,79,3.1189873417721516,1.1034997878971238,Midnight Journey,Thriller
46,95,2.927368421052632,1.169146088214773,Midnight Signal,Action
67,87,2.881609195402299,1.1673393256931808,Crimson Journey,Comedy
186,120,2.9475000000000002,1.1098461169735845,Midnight Storm,Thriller
174,80,2.957499999999999,1.1122761472980085,Silver City,Sci-Fi
172,90,3.0022222222222235,1.2302349988151096,Summer City,Thriller
153,102,3.1019607843137247,0.9652353524273841,Paper River,Drama
144,86,3.0174418604651168,1.0917004394618532,Last River,Romance
18,79,2.837974683544303,1.0351890447281689,Secret Horizon,Sci-Fi
74,107,2.905607476635513,1.1063139354257259,Silver Journey,Thriller
138,104,3.091346153846154,1.090747546002867,Secret Echo,Sci-Fi
104,92,3.0086956521739125,1.0453089531107136,Last Kingdom,Action
180,98,2.9551020408163255,1.0175898804223926,Northern City,Action
134,86,2.9011627906976742,1.1362988614793117,Silver Echo,Drama
36,78,2.796153846153847,1.1009372993331352,Blue Harbor,Sci-Fi
187,96,3.1562499999999996,1.084999393645234,Crimson Storm,Romance
89,79,2.9278481012658224,1.1153861822729034,Electric Promise,Romance
